{"cameraMode":{"drawMode":0,"name":"Shaded","section":"Shading Mode"},"sceneLighting":true,"audioPlay":false,"sceneViewState":{"showFog":false,"showMaterialUpdate":true,"showSkybox":true,"showFlares":true,"showImageEffects":true,"showParticleSystems":true},"in2DMode":false,"pivot":{"x":5925.1630859375,"y":0.999755859375,"z":-2355.44189453125},"rotation":{"x":0.18875961005687715,"y":-0.17136318981647492,"z":0.03347111865878105,"w":0.9663811326026917},"size":3.9247446060180666,"orthographic":false}