{"cameraMode":{"drawMode":0,"name":"Shaded","section":"Shading Mode"},"sceneLighting":true,"audioPlay":false,"sceneViewState":{"showFog":false,"showMaterialUpdate":true,"showSkybox":true,"showFlares":true,"showImageEffects":true,"showParticleSystems":true},"in2DMode":false,"pivot":{"x":0.0,"y":51.280120849609378,"z":0.0902247428894043},"rotation":{"x":0.09300971031188965,"y":-0.8886732459068298,"z":0.20760834217071534,"w":0.3981309235095978},"size":9.548819541931153,"orthographic":false}